Parameter,MCMC Estimate,RMSE
¦Á,-11.279947228732281,2.059175097140702
¦Â,-0.33585960021727457,-
¦Ò_w,1.8713226349227758,-
